Id,Invoice No.,Stock code,Description,Quantity,Invoice date,Unit price,Customer ID
1,6604,9DEE1DEE2,Magazine truth stop whose group through despite cause cause believe son would.,2,23-01-2015,924.11,7CCF6CCF7
2,5781,7DDE0DDE8,Its particularly tree whom local tend employee source nature add.,3,31-03-2018,609.75,4FEB2FEB8
3,3513,6EEB2EEB9,Develop sound central myself before year themselves your majority feeling fact by four.,3,09-09-2021,839.89,8FDE2FDE2
4,4719,3ACC7ACC0,First drug contain start almost wonder employee attorney quickly candidate.,1,18-07-2008,18.68,6CBE3CBE6
5,4833,6DBD0DBD3,Stay information every manage political record word group food break onto friend couple.,1,11-04-2006,413.52,6CED6CED9
6,5601,3BBF8BBF9,Talk despite stage plant view own available.,1,13-02-2008,399.16,3ACC0ACC1
7,1510,2DAF2DAF2,Against which continue buy decision song view age international big employee determine positive.,5,17-12-2011,620.87,8FBC8FBC4
8,916,2FCC3FCC0,Employee toward like total now recently data should.,1,02-06-2019,225.84,9EFD4EFD7
9,1972,0BCC8BCC6,Likely improve notice meet find ground.,6,02-04-2020,428.07,8AEF7AEF6
10,1508,4FCC7FCC9,Care several loss particular pull opportunity throughout take car.,1,13-04-2011,661.09,0EAF0EAF0
11,3523,9DAD1DAD4,Pm her then nothing increase I reduce industry.,5,07-04-2017,27.14,9CAD3CAD3
12,2787,4DDD6DDD5,Page a although for study anyone state wind indeed nature white without study.,4,22-03-2008,66.5,7EFB6EFB5
13,3008,9CCD5CCD7,Best budget power them evidence without beyond take however ball ever laugh society.,4,27-08-2020,428.51,9AEB5AEB3
14,2400,0EAF7EAF7,Day employee fire happen nothing support.,3,26-05-2020,977.65,2ABF2ABF1
15,8236,6DEA2DEA7,Fact catch even front happen behavior single along especially change on guess writer.,4,16-03-2008,417.3,7CFC5CFC5
16,4281,5BAC5BAC4,Idea foreign increase between training listen subject wish gas.,4,24-02-2014,176.04,6AEE8AEE5
17,5229,4AAA4AAA4,South yard beautiful space cup determine his better news face.,2,27-08-2021,793.61,8EFE2EFE9
18,5349,2DEF4DEF9,Issue grow ask tell reduce total later quality.,3,09-01-2008,764.3,4EEB0EEB2
19,3921,6AEE4AEE6,Learn gun still bit other maintain nor point.,1,14-03-2013,875.77,0FEB2FEB8
20,3893,7FFF3FFF0,Future while together stand along chance.,3,16-05-2010,926.94,1CCB3CCB1
21,7118,5DFA5DFA6,At candidate feel serve large technology.,5,16-08-2019,275.86,5DDF9DDF1
22,8809,8BDA5BDA5,Question source serious wrong section town deal.,6,09-02-2015,967.69,7FCE8FCE8
23,9300,8ACC7ACC7,Few now four management energy stay significant his.,1,12-07-2012,22.34,9BDA2BDA3
24,5007,1AAF6AAF8,Cell three own bank recognize special good along letter learn big.,3,29-03-2019,200.99,5BCB3BCB7
25,2518,6DBF9DBF2,Crime situation since book art red pass value practice wide.,4,21-02-2018,942.64,1BFC1BFC2
26,1830,7AAF4AAF6,Know series lay smile away and various main too war project.,3,24-09-2015,331.88,2BDD4BDD8
27,6841,8AEB7AEB5,International not type very indeed between similar.,6,29-06-2018,76.6,9FDB6FDB1
28,7541,1FFA7FFA3,Audience grow ahead girl act window standard audience throw debate.,4,26-06-2009,104.5,3BBA5BBA0
29,9322,8ABD5ABD9,Both general where candidate whom gun list fall view when player.,3,17-02-2009,911.89,5FAC8FAC7
30,4262,8EDE4EDE3,Source firm drug senior fact information animal.,2,01-04-2008,906.11,2BCA1BCA2
31,2648,8ADE3ADE8,Scientist central instead PM be know hard we around impact individual.,6,22-05-2018,573.54,6BFA8BFA4
32,7121,5DBD2DBD6,Born painting child reflect up control instead company where.,2,17-10-2011,825.71,9BEE5BEE3
33,7340,7CCA4CCA1,Peace account fear shoulder pick nation choose relationship likely question set.,6,14-12-2009,864.01,5DAC1DAC0
34,4004,0CCB6CCB4,Moment ok how bill education exist sense training other along society.,1,14-03-2011,851.83,6DAE8DAE6
35,2164,6FDD0FDD6,Mind off phone most improve play idea sing small.,3,22-12-2010,759.22,7BEB8BEB1
36,1166,7EBD5EBD5,Life nice federal place score design major maybe manage when know central many.,6,04-02-2021,930.57,3CAB2CAB2
37,6081,0CBA1CBA1,Rather score protect according American per yourself.,1,08-11-2020,432.94,2EEE9EEE2
38,3167,1FDB3FDB8,Himself former possible reach challenge value challenge firm decade cost.,2,10-12-2011,667.63,3DFA7DFA8
39,3739,4DAB8DAB3,Town almost plan that hair sea.,5,11-07-2017,239.49,5EDB6EDB6
40,1845,7CCC6CCC6,Learn place might what western upon value ok majority region democratic.,2,11-07-2010,0.25,6BEC9BEC7
41,402,6FDC6FDC2,Skill quite wife however TV law.,5,11-10-2011,919.15,2BAC3BAC7
42,5875,5DEA4DEA6,Agreement and hard decide modern could cut pull save.,3,25-04-2011,864.75,3CFE4CFE3
43,3048,9EBE2EBE9,Across manager just true include management.,5,27-06-2013,111.31,0CAB4CAB2
44,2637,8DEC2DEC5,Baby interview senior stop always Congress majority campaign that various floor itself news.,6,10-11-2010,983.47,0CBF5CBF9
45,8978,9ECB3ECB1,Evening admit past Republican common increase design they young.,1,10-02-2006,886.01,1EBE9EBE2
46,6419,8EEF1EEF5,Director respond national example science top ask film force health.,6,04-03-2014,492.2,8CBD1CBD2
47,8855,2DFF6DFF2,Play speech theory choice computer yard career deal trip market should wide dog.,1,01-04-2008,365.99,0FEC9FEC3
48,2719,6DFC5DFC7,Money grow lay actually detail present.,4,30-03-2017,778.51,8CAC5CAC5
49,4296,1AEF3AEF2,Start size himself arrive although risk which gas.,2,04-07-2013,345.24,1DAC9DAC5
50,598,2CFD5CFD3,Run character against physical agency and.,2,03-11-2009,510.56,0DFB2DFB5
51,2376,0FEC7FEC0,Group computer forget would section him important.,3,27-06-2010,887.09,6DEF2DEF4
52,1662,8CEB4CEB6,May perform product style record bag.,5,15-01-2010,230.28,5FAA1FAA7
53,2169,4CAB1CAB8,Per leader change own education south run.,1,19-06-2006,71.54,8FCB2FCB4
54,2738,1EBB6EBB5,Class send front sound war address morning explain light alone.,5,18-01-2015,984.07,1AFB7AFB9
55,6165,9DDF3DDF1,Anything event yet effect quite reflect upon yet seven several might history.,1,12-03-2020,431.95,1CCF6CCF3
56,3985,3DFA6DFA0,Trouble tonight former section across staff north weight.,3,06-03-2012,445.76,4ACE1ACE0
57,9620,3BCB5BCB1,Notice kind game act return travel professional.,4,11-04-2017,493.18,6DBD3DBD7
58,6428,6CDC1CDC6,As police often walk place myself his itself.,2,19-04-2011,406.44,4CCA5CCA1
59,8885,9AFC8AFC7,Couple site social suddenly seek choice produce type none guess.,1,26-02-2022,86.93,8FEA9FEA0
60,582,5BEA5BEA7,Piece physical market room eat through ever war.,5,06-10-2021,619.73,2AEC0AEC3
61,7813,9BAE9BAE1,Key assume interview house even join serious green.,4,30-07-2011,140.7,5ECD7ECD9
62,4366,8ADF0ADF9,Simple personal home they although let stop camera report foreign agency.,5,22-01-2014,820.19,0BEC0BEC9
63,5501,8FAD3FAD8,Response provide likely fire subject west agent hotel.,2,18-02-2008,462.92,7CDB0CDB3
64,6480,0EAE1EAE7,By care lose politics shake another statement analysis.,6,11-06-2015,625.91,4DCB5DCB8
65,1824,2FDE2FDE9,Son foreign remember site military lead travel series.,5,20-08-2013,820.92,7CBE3CBE4
66,8051,6DBE1DBE5,Possible lead draw learn city four pretty live.,6,17-06-2015,81.85,7DBF1DBF5
67,116,1FFB8FFB8,Good later street mention would technology budget first age safe affect though cover.,5,15-01-2013,46.09,5EDE6EDE2
68,2516,2DFB4DFB5,Key page per eight finally support.,5,19-09-2013,620.74,0CFA0CFA8
69,3615,3AAA2AAA3,But go computer pattern president add lead.,5,05-06-2015,771.08,0EDC1EDC1
70,6408,0FFF9FFF3,Student bag grow better why child might.,3,10-09-2019,400.65,1EEF7EEF2
71,2822,8BCF6BCF8,Single city quite wall various foreign agency when.,3,24-08-2016,603.34,1FAB8FAB8
72,5235,2AFB5AFB4,Clear inside guy north hit side class on.,3,08-09-2017,622.0,2BCF4BCF9
73,5800,8DCA6DCA7,Since born particularly sing purpose here.,3,14-06-2006,669.53,2ADC5ADC3
74,2583,3CEE4CEE7,Hundred candidate not go benefit time early high trouble drive loss turn.,1,05-03-2007,448.58,3EAD4EAD8
75,997,8CBB5CBB3,Everybody particularly test hospital personal move system certain hotel.,3,23-01-2019,666.17,6BFC9BFC0
76,9722,8ECD6ECD6,Listen city truth ten seven both happy central group line.,6,29-10-2014,34.29,5FBC6FBC2
77,5460,5FDF9FDF5,Necessary alone improve heart decade care book ground all.,1,24-10-2015,671.16,6CDE3CDE4
78,8822,9ABA7ABA0,Debate direction moment standard ground think save.,2,10-03-2018,516.42,7ABB4ABB6
79,5858,7DCE2DCE1,Treatment worker season figure they yeah get.,6,21-02-2022,784.66,3BBA1BBA6
80,1220,8CBD3CBD2,Other relate very military recent positive daughter popular word book read pass heart.,4,01-07-2019,1.57,1ACA8ACA3
81,5175,0EBD9EBD8,Recent project speech director city necessary thus sister meet though ago poor coach.,4,19-10-2014,693.76,7CAC5CAC1
82,4092,3FFC1FFC4,Commercial kid approach heart sort popular if do them although.,5,19-07-2016,148.78,8AFC4AFC7
83,6742,3FCE1FCE8,Must city system story century attention attention hotel.,5,19-03-2022,681.47,8AEF8AEF8
84,3142,9EDB5EDB9,Speech catch ten statement carry next according television next sense.,4,05-05-2014,178.55,4FBB3FBB0
85,1033,6CCB1CCB9,Stuff find different many water meeting future back off difficult happen high.,2,25-11-2018,234.37,5DAE3DAE4
86,5469,2AEF7AEF7,Story budget great than director remember place.,4,08-02-2012,645.64,3BED4BED3
87,1741,3EEA2EEA9,Child usually sea upon full director race wish let left very.,4,18-08-2015,936.84,9ADA2ADA9
88,7358,9CDB6CDB4,Begin first through dinner whose worker.,2,16-10-2015,61.43,0ACE1ACE6
89,5212,5FEC5FEC1,Agreement well account movement can start paper tree bank letter.,4,03-06-2020,89.61,5EBC5EBC9
90,8233,6FFF6FFF7,High southern job high she past especially old region still quality.,6,25-11-2016,298.14,2FEB3FEB8
91,1140,6BAA6BAA8,Per probably her of process cut meet.,4,18-01-2008,817.18,1DAB3DAB9
92,7727,8BBA7BBA7,Fund indicate help north friend state do eat lose various agency rich accept.,4,20-11-2012,736.34,4FED6FED6
93,7723,8AEF7AEF2,Exist president outside upon why mission because feel military pull watch.,4,21-08-2008,505.92,3ECB1ECB1
94,7636,1FDB4FDB3,Court hospital skin soon which thought radio minute rich consumer type Republican.,2,12-02-2016,962.97,2CEF7CEF2
95,9397,2BEF1BEF0,Drug toward such new cultural analysis.,2,13-04-2008,379.31,8BDB7BDB6
96,8645,2AFC2AFC3,Rate clear newspaper ground just keep production suffer life chair senior seem.,6,24-03-2022,678.35,8BFF5BFF2
97,63,3FEC0FEC5,Take one them in decision above you.,3,27-04-2008,874.68,0FBA2FBA1
98,8119,9EDD5EDD9,Sell daughter pay growth base age speak pass tend onto when happen.,1,04-12-2013,419.74,9BDE9BDE5
99,3668,1AEA0AEA9,Direction opportunity very analysis firm once machine western month itself.,6,23-07-2012,16.92,2BAE4BAE9
100,2016,6ACA4ACA1,All evening his gas health sort couple station my.,5,06-10-2011,880.27,3ACE0ACE3
