Id,Supplier ID,Company Name,Description,Address,State,Postal Code,Email Id,URL,Invoice No.,Phone No.,Time
1,2DF7,"Jones, Marshall and Underwood",Laborum ullam rerum voluptas facere tempora dolor consequuntur consequuntur atque reiciendis voluptates.,"1157 Michael Island
New Thomas, NC 34644",Arunachal Pradesh,160975,jonesmarshallandunderwood@gmail.com,www.Chang-Fishermander.com,3287,1158714841,17:13:25
2,3EA8,Bailey-Willis,Nesciunt ipsam nisi harum nemo enim deleniti delectus nostrum omnis labore at quidem.,"86848 Melissa Springs
Rileymouth, TN 84543",Tamil Nadu,159179,bailey-willis@hotmail.com,www.Olsen-Fernandezsastry.com,5256,123098910,01:34:17
3,9BE1,"Williams, Young and Riddle",Hospital have wonder already against which continue.,"008 Oliver Village
Chadland, ME 46414",Maharashtra,087091,williamsyoungandriddle@gmail.com,www.Chandra_RamanandThakurjackson.com,225,8419720769,07:47:29
4,8FE6,"Carter, Swanson and Riggs",Check real leader bad school name care several loss.,"92/46
Thakkar Marg, Mumbai 523376",Tamil Nadu,88814,carterswansonandriggs@yahoo.com,www.Banks-Pricebarton-fletcher.com,2714,2787890075,05:59:41
5,1CC1,Price-Reynolds,Nature white without study candidate address wear individual.,"089 James Rest
Port Kevin, HI 13631",New Mexico,52496,price-reynolds@hotmail.com,www.Williams-Carsoncallahan.com,8512,4000348559,00:40:38
6,4DD6,Jones-Freeman,Policy head Mrs debate onto across character four smile responsibility full.,"2294 Foster Plaza
West Danny, IA 06826",Jharkhand,24039,jones-freeman@yahoo.com,www.Sarna_RamanathanandSagarbhagat-bawa.com,8775,5171760452,18:37:47
7,2FF6,"Collins, Davis and Hall",Repellat dicta dolore harum atque nam.,"361 Robinson Green Apt. 635
North Lynntown, NC 59694",Tripura,89226,collinsdavisandhall@gmail.com,www.Cunningham_DrakeandFreyrege.com,3921,3765821972,21:54:37
8,7FB9,Newton LLC,Many true follow marriage material prove dark particular despite future while together.,"24/92, Manne Marg, Nandyal 180132",Arunachal Pradesh,075227,newtonllc@hotmail.com,www.Ray-Sanghabadal.com,8916,3489676993,01:51:29
9,6EB4,Johnson-Salas,Four management energy stay significant his himself clearly very.,"07627 Emily Drive Suite 609
Hugheston, NJ 20341",Andhra Pradesh,992518,johnson-salas@gmail.com,www.Mcclure_YangandTurneribarra.com,7951,9426418306,02:03:54
10,7FF2,Herman and Sons,What top always effort ago mind.,"H.No. 886, Dua Circle
Ulhasnagar-961161",Bihar,207660,hermanandsons@hotmail.com,www.Sherman-Gibsongoda.com,1505,5203519230,02:28:15
11,4CE0,"Johnson, Williams and Smith",Fall ready usually do center law.,"42/035
Khalsa Path, Sagar-291189",Jharkhand,622358,johnsonwilliamsandsmith@gmail.com,www.Samra_SettyandYohannankadakia-saini.com,290,6112648629,13:23:47
12,8CE6,Wade-Gibson,Know hard we around impact individual rock fly daughter.,"21418 Laura Mission Suite 266
East Susan, NC 19187",Minnesota,61113,wade-gibson@gmail.com,www.Ray-Goelcole.com,1489,2671738640,06:51:56
13,0DE6,"Lynch, Salazar and Carr",Minima neque id aut dolorum eligendi quidem tenetur nisi alias recusandae.,"H.No. 832
Johal Zila, Ichalkaranji 983816",Rajasthan,447592,lynchsalazarandcarr@yahoo.com,www.Stephenson-Williamsrajagopal-kaur.com,2845,7637785707,03:25:06
14,9CB4,"Arnold, Coleman and Drake",Dolor explicabo hic voluptatibus sed voluptatem porro aspernatur veniam unde hic facere blanditiis.,"43/294
Ben Ganj
Jaunpur 625662",New Hampshire,852327,arnoldcolemananddrake@hotmail.com,www.SharmaGrouphayer-sethi.com,3373,9060312502,20:11:40
15,5EA6,"Robbins, Williams and Bentley",Quibusdam quo sunt illum amet possimus pariatur officiis molestias quasi inventore iste.,"540
Bal Nagar, Etawah 402163",Punjab,52472,robbinswilliamsandbentley@gmail.com,www.Dixit_RameshandBassiandrade.com,7540,8035138533,12:36:20
16,1BB9,Lane-Jones,Lot the drive figure necessary across manager just true.,"7111 Corey Track Apt. 637
Port Ronaldfurt, HI 33233",New York,29343,lane-jones@hotmail.com,www.Daniel_TurnerandBlackkalla-bera.com,8498,3478978443,13:29:07
17,9FD9,"Raymond, Jordan and Paul",Quasi dolorum eligendi quasi optio quia maiores similique.,"95384 Jodi Garden Apt. 845
West Courtney, OR 22964",Florida,02532,raymondjordanandpaul@hotmail.com,www.MendezLtdarora.com,6228,1237933236,08:32:13
18,7DF0,Ward-Sloan,Nulla ad nisi laudantium est vero nam.,"785 Jonathon Rapids Suite 354
Acevedoborough, MD 95719",West Virginia,573452,ward-sloan@gmail.com,www.Rajagopal_BhattiandRaubrown.com,7003,35105623,03:09:27
19,1BC0,"Kirk, Carroll and Reyes",Officiis quas quos illum ab tempora modi rem.,"Unit 7091 Box 6620
DPO AP 18618",Punjab,87267,kirkcarrollandreyes@hotmail.com,www.Bobal-Goladasgupta.com,2821,6919729904,23:12:59
20,8BF8,"Wiggins, Barajas and Carrillo",Bed fall character door green save identify establish manage hotel financial too.,"984 Stephen Stravenue
South Michaelton, KY 97488",Arizona,33782,wigginsbarajasandcarrillo@gmail.com,www.Oconnor_JohnsonandRandolphblack.com,4319,5398522509,22:44:15
21,6CB2,Palmer-Montoya,Eos libero illo inventore cumque ratione necessitatibus ipsam exercitationem ab quam tenetur optio optio.,"H.No. 864, Lanka Street, Rajkot 918896",Wisconsin,57469,palmer-montoya@hotmail.com,www.Brahmbhatt_GeraandGollamedina-spencer.com,5362,829657086,09:40:01
22,4AE2,Harris Group,Voluptatem culpa deserunt explicabo praesentium accusantium quasi nemo doloribus delectus quidem in.,"781 Frank Circles
Waltersview, NE 99818",Wyoming,47184,harrisgroup@hotmail.com,www.Lindsey_WolfandYoderahluwalia-singh.com,4366,6609759294,08:43:14
23,7AE2,Clarke PLC,Bank ten guess attorney response provide.,"H.No. 05, Zachariah Marg, Panipat-292648",Arkansas,227080,clarkeplc@gmail.com,www.SandersPLCsura-master.com,1182,4345448727,02:11:30
24,2FC6,"Kemp, Mendoza and Miller",Odit alias quidem repellendus asperiores officiis itaque dolores.,"527 Amy View
Aaronland, NE 80132",Minnesota,75247,kempmendozaandmiller@gmail.com,www.BahlLtdwilson.com,2059,3060460925,07:54:12
25,6BE0,"Gonzales, Brown and Thompson",Public none sound include air sort couple hold group.,"H.No. 02, Randhawa Marg
North Dumdum 877108",West Bengal,408115,gonzalesbrownandthompson@gmail.com,www.Brown-Kellystout.com,4006,5282222395,17:56:56
26,1DC9,"Mayer, Mata and Alvarez",Difficult player forget whom goal clear.,"H.No. 92
Mandal Marg, Ujjain-622005",Mizoram,001992,mayermataandalvarez@hotmail.com,www.Benjamin-Garrettgraham-mcintyre.com,5325,8386126951,00:18:17
27,2DC2,Porter Ltd,Officia id neque saepe voluptatum suscipit fuga accusantium nostrum.,"H.No. 09, Vig Path, Aligarh-260666",Bihar,972257,porterltd@yahoo.com,www.Sanchez-Jamesrodriguez.com,5780,3429546048,20:47:14
28,2BE0,Marshall and Sons,Expedita consequatur nostrum cumque inventore id asperiores quae.,"82/22
Butala Ganj
Ludhiana 759451",Nebraska,258582,marshallandsons@gmail.com,www.FlemingLLCgilmore.com,5678,4661220998,20:59:34
29,2AB5,Reese-Melendez,Popular word book read pass heart soldier action throughout stage lose board laugh.,"288
Sridhar Zila, Indore 869376",Kentucky,926279,reese-melendez@hotmail.com,www.Sood_SabharwalandSarkarcook-hunter.com,7079,1487867423,15:25:11
30,8BC9,Neal Ltd,Architecto architecto hic veritatis nam eaque dolorem beatae consequuntur repellat consequuntur.,"83/00, Mallick Marg
Aligarh 855103",Haryana,443075,nealltd@yahoo.com,www.Moore-Phelpsstevenson.com,2343,7546921658,23:45:13
31,9EA7,Brown-Davis,It grow husband short year term look fact land general.,"H.No. 73, Sangha Zila
Pali-879936",North Carolina,41291,brown-davis@yahoo.com,www.DouglasLLCruiz.com,3609,614352125,11:15:41
32,5DF4,"Rowland, Mills and Brown",A blanditiis non vel dicta qui deserunt a tempore sapiente architecto debitis.,"7063 Cherry Canyon Suite 095
Margaretmouth, DC 78607",North Dakota,12566,rowlandmillsandbrown@hotmail.com,www.BainsIncsaraf.com,9263,9536881817,15:18:48
33,7BF2,"Ingram, Carter and Ross",Natural can effort bad measure star tell law go simple improve.,"673 Allen Neck
Thomasmouth, MN 86129",Meghalaya,79071,ingramcarterandross@yahoo.com,www.Warrior_KapurandKeerevans.com,1025,592763673,12:15:28
34,5EF7,Brown LLC,Deleniti eveniet maxime molestiae sed nesciunt corrupti porro laudantium optio ut nisi.,"95, Setty Circle
Mumbai 023793",Sikkim,90222,brownllc@yahoo.com,www.Williams-Vaughanravel.com,5732,5857675712,12:24:11
35,4BB6,Sullivan PLC,Provident distinctio facilis aliquid illo assumenda impedit necessitatibus ratione molestiae odio.,"H.No. 68
Bali Circle
Mahbubnagar-036954",Colorado,98152,sullivanplc@gmail.com,www.ShethandSonsmatthews.com,5274,1974366853,06:38:52
36,8CC7,Ho-Reyes,Occaecati natus aperiam voluptatibus laboriosam eum quas ad ipsa optio.,"H.No. 163, Rau Nagar
Bilaspur-154593",West Virginia,588027,ho-reyes@gmail.com,www.Basu-Bainsgera.com,9861,4918192708,10:17:55
37,6FA9,Davis-Braun,Voluptatum possimus vitae id non quia expedita eaque.,"Unit 5833 Box 7524
DPO AP 87592",Tripura,00560,davis-braun@hotmail.com,www.Bava-Mallicksrinivas.com,1904,1243885716,09:36:06
38,2BA8,Carpenter-Andrews,Cupiditate dolores ipsa praesentium adipisci saepe odit earum sit optio.,"38249 Kristi Manor Suite 934
Reneeside, NV 93334",Bihar,56030,carpenter-andrews@yahoo.com,www.Decker_MartinezandWatkinssastry.com,6031,4122705861,23:55:20
39,6AB3,"Shelton, Ward and Fleming",Issue recently until clearly thought modern dark character sometimes small control.,"Unit 8023 Box 6238
DPO AE 76708",Sikkim,22521,sheltonwardandfleming@yahoo.com,www.KrishLLCharmon.com,3062,6863688712,13:49:23
40,6FE5,Saunders-Gallegos,Vitae voluptates quia ipsum eius impedit.,"1293 Michaela Trace Apt. 817
South Jennifer, WV 87205",Florida,092555,saunders-gallegos@gmail.com,www.Ahluwalia_YogiandTellamendoza.com,3965,7472745596,04:47:02
41,1DB4,"Chen, Lewis and Hernandez",Country describe method meeting space military tonight sing media.,"H.No. 64
Sachdev Chowk, Jammu-710391",West Bengal,032925,chenlewisandhernandez@gmail.com,www.Morales_WoodardandEvansramanathan.com,4367,5519610209,07:27:44
42,7DE9,"Bowers, Taylor and Walsh",Deserunt delectus debitis omnis nostrum magni nesciunt velit similique temporibus.,"02/81
Dubey Marg
Tadipatri 052547",Meghalaya,80319,bowerstaylorandwalsh@gmail.com,www.Goda-Shankarsuri-shroff.com,2184,8697629621,11:20:31
43,0BB6,Robinson-Henderson,Family rock range international everybody book green stay soon account part wind.,"67, Dugar Nagar
Guwahati-930360",Arunachal Pradesh,79023,robinson-henderson@hotmail.com,www.TripathiandSonsjain-walla.com,8078,2823921974,23:39:47
44,0DC3,Tanner and Sons,Ten television model sing then police.,"215 Joy Islands
West Beth, CO 49393",Gujarat,757788,tannerandsons@yahoo.com,www.Cherian-Jaggisoni-jaggi.com,8786,8132685212,18:30:47
45,5AE5,Berger-King,Modern north good program risk I.,"53/80
Srinivas Marg, Tiruvottiyur 391715",Maharashtra,81634,berger-king@yahoo.com,www.CruzPLCbahri.com,5052,5477603752,23:44:55
46,6BA7,"Morris, Garcia and Richmond",Placeat neque distinctio ad iste numquam repudiandae perferendis nostrum.,"9286 Young Light Suite 334
New Brenda, MN 60208",Kansas,925324,morrisgarciaandrichmond@yahoo.com,www.Castillo_BarrettandHebertwarrior.com,7329,5931873464,12:15:24
47,8DD1,"Reyes, Wilson and Bennett",Analysis what page clear newspaper ball.,"5601 Matthew Estate Suite 987
Amychester, NJ 49649",Iowa,89157,reyeswilsonandbennett@gmail.com,www.GoelGroupfritz.com,5919,3001419629,09:12:18
48,9AD5,Cole PLC,Nihil dolorem consectetur dolorem libero esse quasi earum.,"39058 Gregory Throughway Suite 194
North Patricia, IL 97538",Odisha,89033,coleplc@gmail.com,www.Mullen_IbarraandRamirezryan-gordon.com,3275,7343157458,12:56:52
49,2FA6,"Beck, Ingram and Williams",Fugiat veritatis tenetur atque sequi quaerat ullam itaque.,"14756 Maxwell Wall
Fitzgeraldfurt, DC 93541",Tamil Nadu,049789,beckingramandwilliams@hotmail.com,www.Robinson-Trannichols.com,8720,3331966183,18:14:57
50,8EA1,"Glenn, Thomas and Miller",Under between candidate crime officer police it house.,"90/553
Chaudhary Nagar, Thrissur 023771",Punjab,36685,glennthomasandmiller@gmail.com,www.ChopraGroupbasu.com,7599,1326307428,02:23:28
51,1CC4,Boyle-Brown,Floor right growth specific court yes miss interest rise her.,"14, Lall Street
Madanapalle 529296",Kentucky,122786,boyle-brown@hotmail.com,www.Stevenson-Thomasberry-fleming.com,1173,8009174948,17:26:44
52,1CD1,Schwartz Inc,Way sister civil market value during difficult religious push the ten will summer.,"14149 Ray Green
Braunland, NV 08183",Minnesota,44129,schwartzinc@hotmail.com,www.DaniLtdterrell.com,3319,2383750469,13:39:29
53,6FD7,"Allen, Villarreal and Martin",Pretty write under fear knowledge player down positive tough fill happy last hit.,"48/967, Upadhyay, Nanded-416437",New Mexico,35200,allenvillarrealandmartin@gmail.com,www.Bhattacharyya_SavantandGandhiamble.com,4106,4593562135,04:31:39
54,8AB7,Hernandez LLC,Support improve once worry newspaper laugh benefit wear modern red pressure.,"0492 Ramirez Crossing
Aaronberg, CO 44974",Wisconsin,44768,hernandezllc@hotmail.com,www.Barr_AlexanderandMcdanielde-mahajan.com,2760,1015348184,16:28:03
55,5CB1,Harris-Cooper,Doloribus saepe placeat ipsam cumque ducimus.,"90/860
Bedi Zila
Gwalior-346379",North Carolina,73868,harris-cooper@yahoo.com,www.GardnerLLCfisher.com,5857,7454223750,22:00:16
56,8EA9,Smith-Garner,Perferendis accusantium aut quas repellendus delectus repellendus veritatis nobis.,"67, Gour Chowk
Davanagere-172188",Madhya Pradesh,316087,smith-garner@yahoo.com,www.Rastogi-Subramaniamthakur-singhal.com,6784,1015666347,12:44:44
57,9ED0,"Anderson, Chaney and Hubbard",Human station truth house try thus should.,"Unit 9478 Box 5469
DPO AP 22773",Minnesota,677413,andersonchaneyandhubbard@yahoo.com,www.Smith_GrahamandRobertsgara.com,7112,9032086624,19:15:43
58,1FB0,"Roberts, Compton and Fisher",Citizen to produce list run safe figure hospital one environment set attack.,"48, Gulati Ganj, Khandwa 015044",Arunachal Pradesh,00654,robertscomptonandfisher@yahoo.com,www.Collins-Schmidtkeer.com,1920,8211191317,01:47:13
59,4AC2,"Williams, Roberts and Walker",Would road collection big talk role instead candidate phone when room.,"658 Hoffman Ports
Stoutbury, UT 12500",Georgia,79793,williamsrobertsandwalker@hotmail.com,www.BhandariGroupkrishnan-grover.com,2,4322177244,04:07:37
60,7AE5,Walker Ltd,Dicta odio magnam libero odio eum odio nulla porro explicabo.,"H.No. 68, Babu Path, Ahmednagar-068424",Arizona,156043,walkerltd@gmail.com,www.ChadhaLtdgoyal-tata.com,8127,3999164040,18:01:36
61,3BB7,Rios-Davis,Stand trip all myself tax country then probably or which white get bring.,"2736 Elizabeth Field Suite 662
Lake Roy, WA 94963",Tennessee,98661,rios-davis@yahoo.com,www.Moore_JacksonandSullivanagarwal.com,2124,2648658677,18:51:40
62,2AC5,"Thompson, Miller and Francis",Quam fugiat maiores libero officia veniam dicta earum omnis.,"H.No. 681, Sawhney Road, Ludhiana-685878",New Hampshire,73361,thompsonmillerandfrancis@yahoo.com,www.Ramakrishnan-Dugarchanda.com,953,4613129727,11:01:14
63,2AA1,Hatfield Group,Man remember rich yeah simple guess member hour movement.,"822
Garde Zila
Varanasi 771980",Chhattisgarh,82928,hatfieldgroup@hotmail.com,www.Dalton-Hendrixgokhale-bhattacharyya.com,7505,1191449520,12:16:19
64,2DF8,Nguyen PLC,At sequi velit inventore laudantium fugiat inventore dignissimos.,"H.No. 12, Dyal Chowk, Jalna-532725",Iowa,65672,nguyenplc@yahoo.com,www.Jain-Jaindaniel-thompson.com,5245,1165545034,18:46:27
65,3DF8,King and Sons,Vero aspernatur minima ea provident amet quia hic laborum consequuntur consequuntur ullam.,"91, Baria Road
Bellary-628745",Rajasthan,642213,kingandsons@gmail.com,www.ChadPLCtiwari.com,8647,252733127,06:54:17
66,9CB3,Spears LLC,Care door natural produce team operation point loss mean production.,"99243 Larry Extensions Apt. 078
Bergmouth, WY 44788",Haryana,43868,spearsllc@yahoo.com,www.GoleandSonsolson.com,210,5431032568,07:16:50
67,4CF1,Turner Group,Rest others development account knowledge action child cut often can treat.,"7586 Rivera Grove Suite 785
Lambertfurt, WV 37242",Tamil Nadu,02371,turnergroup@hotmail.com,www.Gour_WasonandKadakiajaggi-kala.com,2273,2931488292,07:21:15
68,3BB1,"Maldonado, Henry and Carter",Break voice middle reflect yes smile reveal third.,"35/51, Guha Zila
Cuttack-983939",Odisha,941261,maldonadohenryandcarter@gmail.com,www.Martinez-Gilessparks-nguyen.com,7581,1600356356,10:20:23
69,2EF0,Simpson-Lawrence,Manage each the arrive former within night want according speech personal task same.,"Unit 5716 Box 4740
DPO AA 03617",New Jersey,15088,simpson-lawrence@hotmail.com,www.GalaInclawson-burns.com,7095,2604292168,22:37:48
70,7FE7,Gray-Humphrey,Reality no work collection bar drug dark.,"54, Rajagopal Path
Mango-476370",Mizoram,78630,gray-humphrey@gmail.com,www.May_TaylorandFishermanda.com,4224,3156244926,07:27:42
71,9DA2,"Fuentes, Webb and Richardson",Bad put economic attack food laugh newspaper part better college to.,"4380 Jones Run
New Jacobfort, TN 26620",North Dakota,38630,fuenteswebbandrichardson@hotmail.com,www.Farley_ColonandMorrowvaidya-mahajan.com,954,8394096515,08:59:01
72,6AC7,"Hamilton, Adams and Harvey",Corrupti alias accusamus odit tenetur id inventore reprehenderit necessitatibus eos a porro iste.,"012 Reyes Extensions
Lake Amy, AZ 52209",Madhya Pradesh,37592,hamiltonadamsandharvey@hotmail.com,www.Tara-Bedikade.com,8593,678035729,10:27:55
73,5AF1,Thompson Group,Quidem ex esse corporis nemo impedit animi fugit rem.,"63662 Stephenson Spurs Suite 098
East William, IN 75443",Telangana,812240,thompsongroup@hotmail.com,www.BadamiandSonssubramanian.com,6405,2083794603,05:49:56
74,2EE2,Torres-Hinton,Laudantium rerum animi eaque autem eligendi totam doloremque voluptatem.,"61/842, Zacharia Path
Indore-861438",Jharkhand,97031,torres-hinton@yahoo.com,www.Lee-Wadecraig-gomez.com,2144,2743893173,12:20:12
75,3BA9,"Mays, Harrison and Hines",Iure occaecati magni aperiam quisquam id laboriosam.,"406
Kata Zila, Jabalpur 634169",Jharkhand,906685,maysharrisonandhines@yahoo.com,www.Adams-Murphysachdev.com,8924,5783629925,06:54:42
76,4AA1,"Gonzalez, Alexander and Guerra",Message paper easy same throughout wide billion.,"H.No. 59
Chawla Zila, Sambhal-853954",Telangana,720174,gonzalezalexanderandguerra@yahoo.com,www.Vig_ApteandGaneshdara.com,5563,698469081,20:23:43
77,0CD4,Valdez LLC,Prevent news white send guess you.,"65/401, Devan Chowk
Kakinada 702029",Sikkim,07011,valdezllc@hotmail.com,www.HamiltonInckothari.com,4958,5798032331,09:55:54
78,8DC9,Oneill-Bowman,Operation risk past law last add pattern.,"948, Samra Road, Hindupur 799364",Nagaland,159484,oneill-bowman@hotmail.com,www.BailPLCsankaran-barad.com,6501,5918390004,22:36:59
79,7ED5,Johnson LLC,Libero dolores similique maiores quos eaque.,"USCGC Morrison
FPO AA 40715",Karnataka,02453,johnsonllc@hotmail.com,www.Bhakta-Kuruvillapeterson.com,2674,5493287747,00:38:49
80,8BA6,Schwartz Ltd,Quod facere similique facere fugit exercitationem.,"H.No. 884
Deshmukh Path, Aurangabad 079259",Jharkhand,91544,schwartzltd@yahoo.com,www.NobleandSonssanchez.com,1067,6905007432,22:39:04
81,7FC9,Kennedy LLC,Argue bit around election modern simple ok soon four once enter discuss science.,"06/50
Vyas Circle
Raipur-085239",New York,71368,kennedyllc@yahoo.com,www.SarinLtdchadha-bahl.com,5454,3600129592,10:23:32
82,5ED1,"Murray, Reyes and Mason",Culpa consequuntur molestias illum accusantium enim quod quisquam dolores ullam facilis quo exercitationem.,"Unit 5516 Box 3594
DPO AE 28393",Uttarakhand,928159,murrayreyesandmason@yahoo.com,www.SundaramPLCmartin.com,2665,1524257155,00:20:53
83,3CB4,Malone-Martinez,Current old yeah interview somebody reflect she half.,"91
Hari Nagar
Kollam 093697",New York,79132,malone-martinez@hotmail.com,www.Goda_TankandBordechakrabarti-chacko.com,5189,7296324075,04:52:21
84,7AD8,Benitez-Beard,Nothing agreement receive even health television perhaps where dinner.,"49832 Cunningham Shore Suite 579
North Julie, TN 56010",Kerala,41089,benitez-beard@hotmail.com,www.Kumar-Shroffmckinney-george.com,7327,7063846144,10:47:22
85,4CA7,Drake PLC,Clearly decide officer sometimes art call various.,"04951 Green Station Suite 188
North Matthewchester, NJ 42131",Sikkim,166194,drakeplc@hotmail.com,www.ShroffandSonssmith.com,5055,8996811983,08:28:25
86,2DB3,Jacobs-Martin,American tonight try PM debate in reason.,"1124 Sandra Street
East Robin, NE 26581",West Bengal,27146,jacobs-martin@hotmail.com,www.Rege-Mallsubramaniam.com,1955,4837939091,23:59:37
87,7DB7,Strickland and Sons,Former perform whose better themselves field number benefit lose trade.,"209, Kaur Nagar
Motihari-633915",Goa,177374,stricklandandsons@hotmail.com,www.Davidson-Caseylewis.com,4622,9871395940,03:23:45
88,1FD0,"Mendez, Lawrence and Myers",Different often agency spring interview room agent some nature against answer.,"50
Halder Circle, Bidar-050051",Punjab,90934,mendezlawrenceandmyers@gmail.com,www.Virk-Walibawa.com,8039,9641121283,08:16:54
89,1FA1,"Rivera, Kelly and Tate",Anything morning surface the candidate reality process at.,"67649 Andrea Plaza
Moorefort, OK 18699",Arkansas,40703,riverakellyandtate@gmail.com,www.Ramakrishnan-Desharaf.com,5831,4883543864,15:09:33
90,0CA7,Nolan-Garcia,Esse deserunt doloribus velit cum distinctio recusandae.,"8561 Gonzales Court
Lake David, KY 35228",Andhra Pradesh,51651,nolan-garcia@gmail.com,www.Morris-Floresbuchanan.com,6566,479901029,08:44:41
91,3EE8,"Grant, Hall and Nguyen",Cause factor seem main point especially per east actually response kid.,"79, Bahl Street, Bangalore 515078",Haryana,606772,granthallandnguyen@gmail.com,www.ButalaLtdlala.com,8654,3905419921,05:08:39
92,5DD3,Vazquez-Smith,Temporibus alias minima sequi inventore quae provident quo quasi error veniam.,"095, Karan Road
Alwar 521781",Uttarakhand,225638,vazquez-smith@yahoo.com,www.KhareLLCromero-singh.com,8161,9671172626,22:19:55
93,2BB6,Lopez Ltd,Base play kitchen try trial other night.,"86, Malhotra Street
Thiruvananthapuram 834085",Vermont,620394,lopezltd@hotmail.com,www.CooperLLCpatterson.com,215,6346859215,11:05:28
94,8DB2,Kim-Young,Forget crime resource door only already make east exactly.,"01366 Mccoy Burgs Apt. 944
New Jamesfort, DE 80877",Utah,90868,kim-young@yahoo.com,www.Bail_HegdeandVohramannan.com,1573,4410196373,08:54:39
95,5DE0,Moran Group,Walk child above lawyer teacher personal receive well condition not who future.,"60/244
Din Circle
Gudivada-717478",Mississippi,63393,morangroup@yahoo.com,www.Sandhu_SethiandJainbell-brewer.com,7514,9392841208,06:28:19
96,2AE1,Rasmussen Inc,Rem laboriosam debitis repudiandae tempora ipsa error aliquid tenetur aliquid incidunt.,"79, Bhardwaj Ganj
Surat 790104",Chhattisgarh,57873,rasmusseninc@hotmail.com,www.Sinha_SamraandSantrobinson.com,7752,1090036407,09:52:52
97,6DB9,"Dunn, Chavez and Morgan",Quam occaecati sed voluptatem sed perspiciatis soluta nulla distinctio maiores.,"251, Dhar Zila, Bhusawal 821561",Uttarakhand,068094,dunnchavezandmorgan@yahoo.com,www.MallandSonsbrown.com,351,1447016344,02:44:15
98,4FA2,Lopez Group,Name have TV environment hand artist fact.,"Unit 5402 Box 7533
DPO AE 56098",Kerala,229381,lopezgroup@yahoo.com,www.Sethi_SanghaandShankergarrett.com,7993,7817359559,19:28:15
99,0BF0,Page PLC,Et in dolores sed fuga fugiat harum.,"163, Char Street, Naihati 119890",Mississippi,20532,pageplc@yahoo.com,www.TalwarGroupsinha-dhillon.com,5627,2726855102,20:51:16
100,5DA1,Richards-Perez,Republican face past behind just player nearly.,"71, Barad Ganj
Dhule-550440",Karnataka,526168,richards-perez@gmail.com,www.Gaba-Salvigrover.com,1770,3801616279,20:10:08
